City_ID,City,Lat,Lng,Max Temp,Humidity,Cloudiness,Wind Speed,Country,Date
0,Shenjiamen,29.9576,122.298,70.07,76,98,16.71,CN,2022-10-14 04:21:03
1,Sitka,57.0531,-135.33,51.69,71,75,9.22,US,2022-10-14 04:21:04
2,Dhidhdhoo,6.8833,73.1,81.12,76,99,14.25,MV,2022-10-14 04:16:27
3,Benjamin Hill,30.1667,-111.1,77.79,41,98,3.31,MX,2022-10-14 04:21:04
4,Kasongo,-4.45,26.6667,67.14,85,71,0.89,CD,2022-10-14 04:21:05
5,San Giljan,35.9184,14.4898,72.07,78,20,16.11,MT,2022-10-14 04:21:06
6,Tuktoyaktuk,69.4541,-133.0374,30.2,69,100,12.66,CA,2022-10-14 04:21:06
7,Elko,41.0002,-115.5012,61.65,19,0,5.01,US,2022-10-14 04:21:07
8,Bethel,41.3712,-73.414,66.56,82,100,5.75,US,2022-10-14 04:21:08
9,Hermanus,-34.4187,19.2345,52.81,85,93,2.19,ZA,2022-10-14 04:21:08
10,Busselton,-33.65,115.3333,60.49,68,94,7.38,AU,2022-10-14 04:21:09
11,Hobart,-42.8794,147.3294,61.27,59,75,9.22,AU,2022-10-14 04:20:09
12,Sao Felix Do Xingu,-6.6447,-51.995,74.01,77,76,2.17,BR,2022-10-14 04:21:10
13,Huarmey,-10.0681,-78.1522,60.69,84,10,9.66,PE,2022-10-14 04:21:10
14,Jamestown,42.097,-79.2353,46.71,93,0,5.75,US,2022-10-14 04:21:11
15,Surt,31.2089,16.5887,79.75,44,97,19.15,LY,2022-10-14 04:21:11
16,Kirkwall,58.9848,-2.9587,48.96,76,40,21.85,GB,2022-10-14 04:21:11
17,Bay Roberts,47.5999,-53.2648,48.51,96,90,6.06,CA,2022-10-14 04:21:12
18,Albany,42.6001,-73.9662,52.21,94,100,5.53,US,2022-10-14 04:21:13
19,Tasiilaq,65.6145,-37.6368,28.56,68,60,6.44,GL,2022-10-14 04:21:13
20,Bluff,-46.6,168.3333,56.8,71,0,9.55,NZ,2022-10-14 04:14:56
21,Qaanaaq,77.484,-69.3632,23.7,92,100,14.43,GL,2022-10-14 04:21:14
22,Chuy,-33.6971,-53.4616,47.84,60,3,9.42,UY,2022-10-14 04:15:03
23,Barrow,71.2906,-156.7887,26.62,63,100,10.36,US,2022-10-14 04:20:59
24,Saint-Pierre,-21.3393,55.4781,74.88,60,75,17.27,RE,2022-10-14 04:21:14
25,Sao Filipe,14.8961,-24.4956,78.26,81,85,9.78,CV,2022-10-14 04:21:15
26,Cherskiy,68.75,161.3,9.27,89,100,5.7,RU,2022-10-14 04:21:15
27,Mataura,-46.1927,168.8643,65.95,35,0,3.04,NZ,2022-10-14 04:21:16
28,Hami,42.8,93.45,61.75,24,30,3.38,CN,2022-10-14 04:21:16
29,Wahpeton,46.2652,-96.6059,35.62,55,100,9.22,US,2022-10-14 04:21:17
30,Port Elizabeth,-33.918,25.5701,66.09,90,20,16.11,ZA,2022-10-14 04:21:17
31,Ushuaia,-54.8,-68.3,42.46,70,40,4.61,AR,2022-10-14 04:16:43
32,Kiunga,-6.1219,141.2906,93.15,48,84,1.72,PG,2022-10-14 04:21:18
33,Ternate,0.8,127.4,85.03,71,38,10.02,ID,2022-10-14 04:21:18
34,Dikson,73.5069,80.5464,33.51,99,100,21.41,RU,2022-10-14 04:21:18
35,Beloha,-25.1667,45.05,74.86,51,0,10.92,MG,2022-10-14 04:21:19
36,At-Bashi,41.1702,75.8106,50.74,20,85,0.94,KG,2022-10-14 04:21:20
37,Longyearbyen,78.2186,15.6401,24.64,74,20,0.0,SJ,2022-10-14 04:21:20
38,Zyryanka,65.75,150.85,19.65,90,100,3.74,RU,2022-10-14 04:21:20
39,Hamilton,39.1834,-84.5333,50.63,70,40,4.61,US,2022-10-14 04:17:03
40,Araouane,18.9048,-3.5265,87.6,13,28,7.99,ML,2022-10-14 04:21:21
41,Kouroussa,10.65,-9.8833,72.54,85,86,3.29,GN,2022-10-14 04:21:21
42,Shingu,33.7333,135.9833,74.68,63,1,5.93,JP,2022-10-14 04:21:22
43,Salinopolis,-0.6136,-47.3561,80.31,82,33,11.72,BR,2022-10-14 04:21:22
44,Berbera,10.4396,45.0143,83.07,67,1,2.66,SO,2022-10-14 04:21:22
45,Wainwright,52.839,-110.8572,50.32,49,52,8.14,CA,2022-10-14 04:22:23
46,Carrick-On-Suir,52.3492,-7.4131,53.96,89,99,4.52,IE,2022-10-14 04:22:23
47,Mahebourg,-20.4081,57.7,75.25,68,40,14.97,MU,2022-10-14 04:14:52
48,Lebu,-37.6167,-73.65,47.03,77,3,13.94,CL,2022-10-14 04:22:24
49,Kapit,2.0167,112.9333,91.51,49,86,3.51,MY,2022-10-14 04:22:24
50,Nikolskoye,59.7035,30.7861,44.49,86,100,5.91,RU,2022-10-14 04:22:25
51,Saint-Philippe,-21.3585,55.7679,74.79,73,33,11.79,RE,2022-10-14 04:22:25
52,Bukachacha,52.9833,116.9167,42.24,63,100,6.69,RU,2022-10-14 04:22:25
53,Nhulunbuy,-12.2333,136.7667,86.61,66,40,17.27,AU,2022-10-14 04:22:26
54,Bambous Virieux,-20.3428,57.7575,75.22,68,40,14.97,MU,2022-10-14 04:14:53
55,Rikitea,-23.1203,-134.9692,70.75,79,81,13.4,PF,2022-10-14 04:20:00
56,Vostok,46.4856,135.8833,57.22,54,7,4.43,RU,2022-10-14 04:22:26
57,De Aar,-30.6497,24.0123,67.84,33,24,4.38,ZA,2022-10-14 04:22:27
58,San Cristobal,7.7669,-72.225,69.98,96,100,1.41,VE,2022-10-14 04:22:27
59,Haileybury,47.449,-79.6373,43.38,96,32,5.01,CA,2022-10-14 04:22:27
60,Punta Arenas,-53.15,-70.9167,44.71,70,40,28.77,CL,2022-10-14 04:22:28
61,Esperance,-33.8667,121.9,62.26,57,22,9.1,AU,2022-10-14 04:22:28
62,Nichinan,31.6,131.3667,76.68,70,51,13.53,JP,2022-10-14 04:22:29
63,Vaini,-21.2,-175.2,73.56,94,100,9.22,TO,2022-10-14 04:22:29
64,Kapaa,22.0752,-159.319,82.38,91,75,3.44,US,2022-10-14 04:22:30
65,Zhangye,38.9342,100.4517,56.75,22,100,3.65,CN,2022-10-14 04:22:30
66,Milkovo,54.7167,158.6167,42.21,50,100,4.7,RU,2022-10-14 04:22:30
67,East London,-33.0153,27.9116,68.94,88,75,13.8,ZA,2022-10-14 04:22:31
68,Hilo,19.7297,-155.09,82.27,87,100,5.75,US,2022-10-14 04:22:31
69,Yabrud,33.9674,36.6574,52.18,84,1,1.1,SY,2022-10-14 04:22:32
70,Butaritari,3.0707,172.7902,81.77,74,100,11.54,KI,2022-10-14 04:22:32
71,Great Yarmouth,52.6083,1.7305,51.42,86,100,8.05,GB,2022-10-14 04:22:33
72,Nampula,-15.1165,39.2666,69.12,55,0,3.49,MZ,2022-10-14 04:14:53
73,Palmer,42.1584,-72.3287,65.57,86,100,9.22,US,2022-10-14 04:22:33
74,Jaciara,-15.9653,-54.9683,75.09,62,96,3.13,BR,2022-10-14 04:22:33
75,Sisimiut,66.9395,-53.6735,26.08,87,84,7.29,GL,2022-10-14 04:22:34
76,Pisco,-13.7,-76.2167,59.05,82,100,11.5,PE,2022-10-14 04:22:34
77,Komsomolskiy,40.4272,71.7189,65.12,25,1,4.61,UZ,2022-10-14 04:22:35
78,Bengkulu,-3.8004,102.2655,82.2,68,65,4.68,ID,2022-10-14 04:22:35
79,Faya,18.3851,42.4509,57.31,20,15,4.05,SA,2022-10-14 04:22:35
80,Kodiak,57.79,-152.4072,38.71,70,0,4.61,US,2022-10-14 04:15:04
81,Cape Town,-33.9258,18.4232,62.91,78,88,8.99,ZA,2022-10-14 04:11:52
82,The Pas,53.8251,-101.2541,35.62,93,100,20.71,CA,2022-10-14 04:22:36
83,Nabire,-3.3667,135.4833,87.12,63,50,4.92,ID,2022-10-14 04:22:36
84,Trincomalee,8.5711,81.2335,83.44,69,9,12.75,LK,2022-10-14 04:22:37
85,Atuona,-9.8,-139.0333,77.38,79,17,18.39,PF,2022-10-14 04:22:37
86,Harper,4.375,-7.7169,76.3,88,94,5.23,LR,2022-10-14 04:22:38
87,Manaure,11.7751,-72.4445,81.1,79,85,7.25,CO,2022-10-14 04:22:38
88,Te Anau,-45.4167,167.7167,63.59,42,1,2.95,NZ,2022-10-14 04:22:39
89,Bonavista,48.6499,-53.1147,51.24,77,92,6.73,CA,2022-10-14 04:23:39
90,Port Blair,11.6667,92.75,84.24,74,75,4.61,IN,2022-10-14 04:23:39
91,Cururupu,-1.8283,-44.8683,78.01,86,35,5.59,BR,2022-10-14 04:23:40
92,Provideniya,64.3833,-173.3,28.51,80,75,2.24,RU,2022-10-14 04:23:40
93,Bodden Town,19.2833,-81.25,82.4,81,20,3.44,KY,2022-10-14 04:23:41
94,Labuhan,-6.8844,112.2051,85.62,64,48,5.82,ID,2022-10-14 04:23:41
95,Savelugu,9.6244,-0.8253,74.71,77,98,4.65,GH,2022-10-14 04:23:41
96,Coquimbo,-29.9533,-71.3436,51.53,93,0,2.3,CL,2022-10-14 04:23:42
97,Klaksvik,62.2266,-6.589,43.72,80,100,7.54,FO,2022-10-14 04:23:42
98,Sao Jose Do Calcado,-21.0253,-41.6544,66.69,92,12,0.85,BR,2022-10-14 04:23:43
99,Ottawa,45.4112,-75.6981,53.24,94,100,6.91,CA,2022-10-14 04:21:42
100,Berlin,52.5244,13.4105,53.17,88,54,3.0,DE,2022-10-14 04:23:43
101,Gat,31.61,34.7642,69.4,100,32,4.68,IL,2022-10-14 04:19:05
102,Iqaluit,63.7506,-68.5145,26.33,86,100,14.97,CA,2022-10-14 04:23:44
103,Saint-Ambroise,48.5501,-71.3324,61.57,70,100,13.82,CA,2022-10-14 04:23:44
104,Quimper,48.0,-4.1,57.78,100,100,4.61,FR,2022-10-14 04:23:44
105,Castro,-24.7911,-50.0119,60.06,92,100,2.95,BR,2022-10-14 04:23:45
106,Saint George,37.1041,-113.5841,77.59,21,0,1.99,US,2022-10-14 04:23:45
107,Yellowknife,62.456,-114.3525,43.32,65,40,24.0,CA,2022-10-14 04:23:46
108,Coihaique,-45.5752,-72.0662,39.81,81,0,2.3,CL,2022-10-14 04:23:46
109,Barbacena,-21.2258,-43.7736,61.36,70,2,3.87,BR,2022-10-14 04:23:36
110,Bredasdorp,-34.5322,20.0403,57.72,79,100,0.89,ZA,2022-10-14 04:23:32
111,Vanimo,-2.6741,141.3028,86.54,62,90,9.89,PG,2022-10-14 04:23:47
112,Porto Seguro,-16.4497,-39.0647,75.72,83,75,8.05,BR,2022-10-14 04:23:47
113,Verkhoyansk,67.5447,133.385,12.49,86,80,1.16,RU,2022-10-14 04:23:47
114,Kaitangata,-46.2817,169.8464,57.97,60,0,12.15,NZ,2022-10-14 04:14:54
115,Upernavik,72.7868,-56.1549,17.31,81,99,10.8,GL,2022-10-14 04:15:00
116,Bulgan,48.8125,103.5347,38.44,40,4,1.97,MN,2022-10-14 04:23:49
117,Council Bluffs,41.2619,-95.8608,45.48,42,0,5.75,US,2022-10-14 04:23:50
118,Blackfoot,43.1905,-112.345,51.76,30,0,3.56,US,2022-10-14 04:23:50
119,Khabary,53.6259,79.5345,42.91,59,96,14.14,RU,2022-10-14 04:23:51
120,Kirakira,-10.4544,161.9205,84.85,69,80,7.52,SB,2022-10-14 04:23:51
121,Pevek,69.7008,170.3133,19.78,76,100,7.96,RU,2022-10-14 04:23:52
122,Sola,-13.8833,167.55,79.86,75,32,7.25,VU,2022-10-14 04:23:53
123,Kopanskaya,46.2779,38.4795,49.12,68,5,8.05,RU,2022-10-14 04:23:53
124,Bosaso,11.2842,49.1816,80.58,69,0,3.44,SO,2022-10-14 04:23:54
125,Carnarvon,-24.8667,113.6333,77.81,32,0,5.08,AU,2022-10-14 04:23:54
126,Kahului,20.8947,-156.47,82.42,81,40,10.36,US,2022-10-14 04:23:06
127,Ribeira Grande,38.5167,-28.7,72.77,88,57,7.0,PT,2022-10-14 04:23:54
128,Alofi,-19.0595,-169.9187,80.49,78,87,10.36,NU,2022-10-14 04:23:55
129,Arraial Do Cabo,-22.9661,-42.0278,70.92,90,4,24.07,BR,2022-10-14 04:23:55
130,Honiara,-9.4333,159.95,85.91,62,98,5.3,SB,2022-10-14 04:23:56
131,Mount Gambier,-37.8333,140.7667,58.71,57,3,14.63,AU,2022-10-14 04:14:56
132,Rawson,-43.3002,-65.1023,50.05,45,97,14.56,AR,2022-10-14 04:23:56
133,Mount Isa,-20.7333,139.5,85.77,28,2,11.5,AU,2022-10-14 04:23:57
134,Vannes,47.8333,-2.5,56.01,90,100,4.14,FR,2022-10-14 04:24:57
135,Constitucion,-35.3333,-72.4167,51.58,61,0,9.35,CL,2022-10-14 04:24:58
136,Port Alfred,-33.5906,26.891,63.18,96,100,5.99,ZA,2022-10-14 04:24:58
137,Sao Joao Da Barra,-21.6403,-41.0511,72.77,87,25,14.67,BR,2022-10-14 04:24:59
138,Cabo San Lucas,22.8909,-109.9124,77.61,71,3,5.01,MX,2022-10-14 04:22:49
139,Grindavik,63.8424,-22.4338,37.87,75,0,21.85,IS,2022-10-14 04:24:59
140,Westerland,54.9079,8.3033,53.62,76,75,10.36,DE,2022-10-14 04:24:59
141,Victoria,22.2855,114.1577,86.25,57,9,8.99,HK,2022-10-14 04:20:37
142,Sampit,-2.5333,112.95,84.51,78,65,3.09,ID,2022-10-14 04:25:00
143,Rostovka,55.3842,71.8891,46.06,55,100,16.2,RU,2022-10-14 04:25:00
144,Elizabeth City,36.2946,-76.2511,67.01,98,100,3.44,US,2022-10-14 04:25:01
145,Naze,28.3667,129.4833,77.92,86,61,23.55,JP,2022-10-14 04:25:01
146,Guamuchil,25.4667,-108.1,81.68,77,2,0.96,MX,2022-10-14 04:25:01
147,Todos Santos,23.45,-110.2167,74.44,81,11,7.47,MX,2022-10-14 04:25:02
148,Arica,-18.475,-70.3042,61.03,67,100,6.91,CL,2022-10-14 04:25:03
149,Cermik,38.1361,39.4493,63.95,54,93,4.36,TR,2022-10-14 04:25:04
150,Cayenne,4.9333,-52.3333,75.24,94,20,0.0,GF,2022-10-14 04:24:57
151,Batamshinskiy,50.5594,58.2747,43.68,89,41,12.48,KZ,2022-10-14 04:25:05
152,Kruisfontein,-34.0033,24.7314,63.88,85,100,9.84,ZA,2022-10-14 04:25:05
153,Saskylakh,71.9167,114.0833,8.04,97,86,3.71,RU,2022-10-14 04:25:07
154,Thompson,55.7435,-97.8558,35.76,93,100,9.22,CA,2022-10-14 04:25:07
155,Chokurdakh,70.6333,147.9167,12.49,88,97,5.21,RU,2022-10-14 04:24:18
156,Redmond,47.674,-122.1215,62.78,75,4,1.01,US,2022-10-14 04:24:42
157,Nalut,30.3333,10.85,69.93,49,80,9.66,LY,2022-10-14 04:25:08
158,Ahipara,-35.1667,173.1667,59.81,75,86,14.45,NZ,2022-10-14 04:25:09
159,Suntar,62.1444,117.6319,34.2,98,99,4.5,RU,2022-10-14 04:25:09
160,Margate,51.3813,1.3862,55.31,94,100,1.01,GB,2022-10-14 04:25:10
161,Grand-Santi,4.25,-54.3833,71.67,100,100,1.95,GF,2022-10-14 04:25:11
162,Raudeberg,61.9875,5.1352,48.87,69,97,17.43,NO,2022-10-14 04:25:11
163,Asyut,27.181,31.1837,64.58,67,0,9.19,EG,2022-10-14 04:25:12
164,Aklavik,68.2191,-135.0107,26.65,62,100,3.44,CA,2022-10-14 04:25:12
165,Prince Rupert,54.3161,-130.3201,55.49,94,100,27.63,CA,2022-10-14 04:25:13
166,Puerto Ayora,-0.7393,-90.3518,65.55,96,82,5.99,EC,2022-10-14 04:25:13
167,Kaeo,-35.1,173.7833,59.32,88,77,17.54,NZ,2022-10-14 04:25:13
168,Luau,-10.7073,22.2247,61.66,36,17,2.55,AO,2022-10-14 04:25:14
169,Norman Wells,65.282,-126.8329,26.64,86,100,24.16,CA,2022-10-14 04:25:15
170,Sobolevo,54.4299,31.8996,36.0,89,8,4.0,RU,2022-10-14 04:25:15
171,Smithers,54.7804,-127.1743,52.12,93,100,3.44,CA,2022-10-14 04:25:16
172,Katima Mulilo,-17.5,24.2667,65.71,34,45,5.21,NA,2022-10-14 04:25:16
173,Praia Da Vitoria,38.7333,-27.0667,71.85,83,20,10.25,PT,2022-10-14 04:25:17
174,Jardim,-21.4803,-56.1381,68.56,97,100,5.12,BR,2022-10-14 04:23:54
175,Isheyevka,54.4167,48.2667,44.11,79,99,11.05,RU,2022-10-14 04:22:22
176,Payson,40.0444,-111.7321,61.29,50,0,3.0,US,2022-10-14 04:25:18
177,Pierreville,46.0703,-72.8112,54.0,100,100,9.22,CA,2022-10-14 04:25:18
178,Poum,-20.2333,164.0167,74.89,63,2,10.65,NC,2022-10-14 04:26:19
179,Sheridan,44.8333,-106.9173,49.69,53,0,5.75,US,2022-10-14 04:26:19
180,Singkang,2.1006,102.7994,88.0,61,69,7.31,MY,2022-10-14 04:26:20
181,Yomou,7.5603,-9.2653,67.62,99,86,0.63,GN,2022-10-14 04:26:20
182,Taltal,-25.4,-70.4833,58.51,77,14,4.45,CL,2022-10-14 04:26:20
183,Nishihara,26.1842,127.7558,87.46,73,75,21.85,JP,2022-10-14 04:26:21
184,Medicine Hat,50.0501,-110.6683,53.22,51,0,6.91,CA,2022-10-14 04:21:34
185,Salta,-24.7859,-65.4117,64.99,39,100,4.61,AR,2022-10-14 04:26:21
186,Takoradi,4.8845,-1.7554,75.74,91,98,7.45,GH,2022-10-14 04:26:22
187,Lucea,18.451,-78.1736,78.66,77,54,2.06,JM,2022-10-14 04:26:23
188,Fare,-16.7,-151.0167,78.93,72,1,8.34,PF,2022-10-14 04:26:23
189,Muros,42.7762,-9.0603,65.08,96,97,4.5,ES,2022-10-14 04:26:24
190,Abancay,-13.6339,-72.8814,56.7,88,19,3.2,PE,2022-10-14 04:22:26
191,Berlevag,70.8578,29.0864,39.15,87,75,6.91,NO,2022-10-14 04:26:24
192,Narsaq,60.9167,-46.05,26.82,66,0,8.08,GL,2022-10-14 04:26:25
193,Sterling,39.0062,-77.4286,55.4,91,100,11.99,US,2022-10-14 04:26:25
194,Petropavlovsk-Kamchatskiy,53.0452,158.6483,50.59,40,40,11.18,RU,2022-10-14 04:26:25
195,Hithadhoo,-0.6,73.0833,82.2,70,99,16.69,MV,2022-10-14 04:26:25
196,New Norfolk,-42.7826,147.0587,60.91,53,95,1.99,AU,2022-10-14 04:26:26
197,Warrnambool,-38.3833,142.4833,56.41,75,27,24.43,AU,2022-10-14 04:26:26
198,Imbituba,-28.24,-48.6703,71.85,99,100,6.55,BR,2022-10-14 04:26:27
199,Cockburn Town,21.4612,-71.1419,82.38,74,96,16.58,TC,2022-10-14 04:25:55
200,Husavik,66.0449,-17.3389,35.62,84,100,3.85,IS,2022-10-14 04:26:27
201,Tarata,-17.6167,-66.0167,58.42,64,52,8.3,BO,2022-10-14 04:26:28
202,College,64.8569,-147.8028,27.59,87,75,4.61,US,2022-10-14 04:26:28
203,Nanortalik,60.1432,-45.2371,30.15,64,0,6.71,GL,2022-10-14 04:26:28
204,Severo-Kurilsk,50.6789,156.125,48.9,80,59,11.36,RU,2022-10-14 04:23:59
205,Riyadh,24.6877,46.7219,73.54,33,0,4.81,SA,2022-10-14 04:24:29
206,Faanui,-16.4833,-151.75,79.18,71,10,8.7,PF,2022-10-14 04:26:29
207,Tombouctou,20.0,-3.0,85.53,13,11,7.56,ML,2022-10-14 04:26:29
208,Vardo,70.3705,31.1107,37.38,81,100,4.61,NO,2022-10-14 04:26:30
209,Sinnamary,5.3833,-52.95,77.72,90,100,7.14,GF,2022-10-14 04:26:30
210,Catamarca,-28.4696,-65.7852,62.78,21,0,8.01,AR,2022-10-14 04:26:31
211,Guerrero Negro,27.9769,-114.0611,68.65,82,20,16.24,MX,2022-10-14 04:26:31
212,Mar Del Plata,-38.0023,-57.5575,44.87,69,0,4.0,AR,2022-10-14 04:26:32
213,Wagar,16.1525,36.2032,81.59,56,3,5.26,SD,2022-10-14 04:26:32
214,Abilene,32.4487,-99.7331,61.93,49,0,3.44,US,2022-10-14 04:26:32
215,Marawi,7.9986,124.2928,85.26,54,65,5.01,PH,2022-10-14 04:26:33
216,Chernyshevskiy,63.0128,112.4714,28.62,84,100,8.19,RU,2022-10-14 04:26:33
217,Avarua,-21.2078,-159.775,77.05,83,100,8.05,CK,2022-10-14 04:26:34
218,Innisfail,-17.5333,146.0333,81.23,58,75,8.86,AU,2022-10-14 04:26:34
219,Ancud,-41.8697,-73.8203,46.62,96,100,6.13,CL,2022-10-14 04:23:31
220,Wenling,28.3669,121.36,74.91,60,38,14.45,CN,2022-10-14 04:26:35
221,Bathsheba,13.2167,-59.5167,81.21,78,20,12.66,BB,2022-10-14 04:26:35
222,Guaruja,-23.9931,-46.2564,70.9,26,41,1.01,BR,2022-10-14 04:23:39
223,Hvide Sande,56.0045,8.1294,48.09,74,17,3.91,DK,2022-10-14 04:26:35
224,Iracoubo,5.4802,-53.2011,76.89,91,100,7.02,GF,2022-10-14 04:26:36
225,Ponta Do Sol,32.6667,-17.1,72.01,74,51,5.14,PT,2022-10-14 04:26:36
226,Tiksi,71.6872,128.8694,21.99,91,98,7.27,RU,2022-10-14 04:26:37
227,Mankapur,27.0333,82.2333,79.56,64,0,3.69,IN,2022-10-14 04:27:37
228,Susanville,40.4163,-120.653,57.67,37,0,5.75,US,2022-10-14 04:27:37
229,Acapulco,16.8634,-99.8901,82.22,83,100,0.0,MX,2022-10-14 04:22:51
230,Lata,40.1629,-8.3327,61.81,92,27,2.93,PT,2022-10-14 04:27:38
231,Chabahar,25.2919,60.643,81.48,55,1,4.34,IR,2022-10-14 04:27:39
232,Beringovskiy,63.05,179.3167,29.88,64,88,4.59,RU,2022-10-14 04:27:39
233,Straumen,63.8709,11.2999,33.8,85,45,3.13,NO,2022-10-14 04:27:39
234,Sivas,39.7916,37.0019,39.83,93,40,4.61,TR,2022-10-14 04:27:40
235,Alyangula,-13.8483,136.4192,80.47,78,75,5.75,AU,2022-10-14 04:27:40
236,Odda,60.0691,6.5457,40.77,92,71,5.5,NO,2022-10-14 04:27:41
237,Ormara,25.2088,64.6357,79.11,54,0,2.15,PK,2022-10-14 04:27:41
238,Salvador,13.8333,-88.9167,73.06,97,87,0.51,SV,2022-10-14 04:27:41
239,Lagoa,39.05,-27.9833,70.2,84,18,17.38,PT,2022-10-14 04:27:42
240,Avera,33.194,-82.5271,60.31,62,1,8.57,US,2022-10-14 04:27:43
241,Hualmay,-11.0964,-77.6139,60.01,83,30,10.42,PE,2022-10-14 04:27:43
242,Sinjar,36.3209,41.8754,70.3,29,28,6.93,IQ,2022-10-14 04:27:44
243,Los Llanos De Aridane,28.6585,-17.9182,69.55,79,40,13.8,ES,2022-10-14 04:27:44
244,Peruibe,-24.32,-46.9983,67.21,95,85,2.53,BR,2022-10-14 04:27:45
245,Bojnurd,37.4747,57.329,51.75,62,0,0.0,IR,2022-10-14 04:27:45
246,Skelleftea,64.7507,20.9528,45.0,100,100,5.75,SE,2022-10-14 04:27:45
247,Chapais,49.7834,-74.8492,49.78,94,100,5.95,CA,2022-10-14 04:27:46
248,Sayat,38.7839,63.8803,66.07,33,63,6.42,TM,2022-10-14 04:27:46
249,Iranshahr,27.2025,60.6848,77.34,12,0,6.91,IR,2022-10-14 04:27:47
250,Okhotsk,59.3833,143.3,33.94,47,100,8.34,RU,2022-10-14 04:27:47
251,Puerto Suarez,-18.95,-57.8,71.01,98,98,3.27,BO,2022-10-14 04:27:47
252,Salalah,17.0151,54.0924,78.89,73,20,1.14,OM,2022-10-14 04:27:48
253,Maumere,-8.6199,122.2111,84.09,68,42,1.9,ID,2022-10-14 04:27:48
254,Okato,-39.2,173.8833,62.91,100,82,5.77,NZ,2022-10-14 04:27:49
255,Kestel,40.1983,29.2124,49.48,89,92,5.68,TR,2022-10-14 04:27:49
256,La Ronge,55.1001,-105.2842,35.85,55,0,13.8,CA,2022-10-14 04:27:50
257,Lavrentiya,65.5833,-171.0,26.76,60,18,3.31,RU,2022-10-14 04:27:50
258,Sao Caetano De Odivelas,-0.75,-48.02,75.6,95,70,6.53,BR,2022-10-14 04:27:50
259,Dunhua,43.3725,128.2425,56.19,57,100,4.54,CN,2022-10-14 04:27:51
260,Fortuna,40.5982,-124.1573,52.36,87,7,3.31,US,2022-10-14 04:27:52
261,Isangel,-19.55,169.2667,80.71,74,40,11.5,VU,2022-10-14 04:27:52
262,Vientiane,17.9667,102.6,84.15,61,75,6.91,LA,2022-10-14 04:27:52
263,Ketchikan,55.3422,-131.6461,54.07,100,100,17.27,US,2022-10-14 04:27:53
264,Gorontalo,0.5412,123.0595,88.95,58,100,5.88,ID,2022-10-14 04:27:53
265,Katsuura,35.1333,140.3,67.33,89,99,21.65,JP,2022-10-14 04:27:54
266,Manado,1.487,124.8455,92.17,58,40,5.75,ID,2022-10-14 04:27:54
267,Flin Flon,54.7682,-101.865,32.25,88,100,13.94,CA,2022-10-14 04:27:55
268,Juegang,32.3174,121.1855,73.98,60,9,11.23,CN,2022-10-14 04:27:55
269,Matay,28.419,30.7792,65.61,79,0,7.65,EG,2022-10-14 04:27:56
270,Lakes Entrance,-37.8811,147.981,69.17,45,75,16.53,AU,2022-10-14 04:27:56
271,Serdobsk,52.4586,44.2169,39.52,83,63,6.38,RU,2022-10-14 04:27:56
272,Diego De Almagro,-26.3667,-70.05,59.29,28,0,2.75,CL,2022-10-14 04:27:57
273,Mezen,65.8522,44.24,35.22,87,96,8.63,RU,2022-10-14 04:27:57
274,Hervey Bay,-25.2986,152.8535,72.82,68,76,10.87,AU,2022-10-14 04:28:58
275,Airai,-8.9266,125.4092,77.74,46,48,1.81,TL,2022-10-14 04:28:58
276,Kapuskasing,49.4169,-82.4331,39.2,100,75,5.75,CA,2022-10-14 04:28:58
277,Ulaangom,49.9811,92.0667,43.23,40,0,4.94,MN,2022-10-14 04:28:59
278,Obihiro,42.9172,143.2044,63.81,72,98,3.42,JP,2022-10-14 04:28:59
279,Lavumisa,-27.31,31.892,71.96,83,7,4.21,SZ,2022-10-14 04:29:00
280,Turayf,31.6725,38.6637,57.45,88,0,8.05,SA,2022-10-14 04:29:00
281,Codrington,-38.2667,141.9667,57.69,71,15,21.92,AU,2022-10-14 04:29:00
282,Aykhal,66.0,111.5,18.61,93,81,7.36,RU,2022-10-14 04:29:01
283,Palafrugell,41.9174,3.1631,62.89,77,93,1.97,ES,2022-10-14 04:29:01
284,Teya,60.3778,92.6267,35.46,72,97,5.1,RU,2022-10-14 04:29:02
285,Abu Dhabi,24.4667,54.3667,81.97,46,0,6.91,AE,2022-10-14 04:27:56
286,Tiznit,29.5833,-9.5,69.73,32,0,5.06,MA,2022-10-14 04:29:02
287,Ambilobe,-13.2,49.05,73.81,57,1,4.47,MG,2022-10-14 04:29:02
288,Muroto,33.2833,134.15,73.33,69,0,12.48,JP,2022-10-14 04:29:03
289,Yashan,22.1975,109.9419,81.16,38,15,11.07,CN,2022-10-14 04:29:03
290,Koumac,-20.5667,164.2833,76.32,59,23,8.72,NC,2022-10-14 04:29:04
291,Honghu,29.8206,113.4621,73.24,39,2,7.56,CN,2022-10-14 04:29:04
292,Atagay,55.1033,99.3875,35.4,92,100,7.78,RU,2022-10-14 04:29:05
293,Kurchum,48.5722,83.6542,54.14,27,48,1.66,KZ,2022-10-14 04:29:06
294,Taoudenni,22.6783,-3.9836,85.98,14,91,9.31,ML,2022-10-14 04:29:07
295,Alice,27.7523,-98.0697,78.37,91,20,6.91,US,2022-10-14 04:29:07
296,Santiago Del Estero,-27.7951,-64.2615,64.27,20,33,11.86,AR,2022-10-14 04:29:07
297,Marsa Matruh,31.3525,27.2453,66.4,77,40,3.44,EG,2022-10-14 04:29:08
298,Preston,53.7667,-2.7167,54.86,93,100,7.0,GB,2022-10-14 04:26:07
299,Sorland,67.667,12.6934,46.26,64,50,13.11,NO,2022-10-14 04:29:08
300,Dashitou,43.3067,128.5114,55.96,57,100,4.81,CN,2022-10-14 04:29:09
301,Mantua,45.1667,10.7833,56.44,86,11,2.37,IT,2022-10-14 04:29:09
302,Bayir,37.2687,28.2167,48.72,76,87,2.04,TR,2022-10-14 04:29:10
303,Hambantota,6.1241,81.1185,88.14,70,40,13.8,LK,2022-10-14 04:29:10
304,Panzhihua,26.5851,101.7128,65.44,86,100,3.96,CN,2022-10-14 04:29:10
305,Crotone,39.0851,17.1178,64.18,83,95,19.77,IT,2022-10-14 04:29:11
306,Opotiki,-38.0833,177.2833,59.38,64,100,11.3,NZ,2022-10-14 04:29:12
307,Tuatapere,-46.1333,167.6833,60.93,50,0,6.73,NZ,2022-10-14 04:29:13
308,Bambanglipuro,-7.95,110.2833,80.42,76,96,9.19,ID,2022-10-14 04:29:13
309,Pimenta Bueno,-11.6725,-61.1936,70.74,94,77,2.57,BR,2022-10-14 04:29:13
310,Gourcy,13.2167,-2.35,79.03,49,24,8.14,BF,2022-10-14 04:29:13
311,Nouadhibou,20.931,-17.0347,70.11,83,39,18.86,MR,2022-10-14 04:29:14
312,Deltona,28.9005,-81.2637,77.22,90,0,5.75,US,2022-10-14 04:24:46
313,Yatou,37.15,122.3833,67.05,53,92,3.06,CN,2022-10-14 04:29:15
314,Tanggulangin,-7.4996,112.6999,87.76,74,20,6.91,ID,2022-10-14 04:29:15
315,Viransehir,37.2353,39.7631,69.03,36,99,8.28,TR,2022-10-14 04:29:16
316,Moctezuma,29.8,-109.6667,77.05,41,100,1.41,MX,2022-10-14 04:29:16
317,Iquitos,-3.7481,-73.2472,75.24,88,75,3.44,PE,2022-10-14 04:25:06
318,Khatanga,71.9667,102.5,14.72,95,100,12.01,RU,2022-10-14 04:29:17
319,Halifax,44.6453,-63.5724,57.22,94,88,5.75,CA,2022-10-14 04:29:17
320,Genhe,50.7833,121.5167,51.71,31,100,6.42,CN,2022-10-14 04:29:18
321,Najran,17.4924,44.1277,61.45,15,81,2.64,SA,2022-10-14 04:26:33
322,Nawa,27.0167,75.0,83.34,30,0,3.67,IN,2022-10-14 04:30:18
323,Portland,45.5234,-122.6762,73.09,58,0,3.44,US,2022-10-14 04:30:19
324,Bima,-8.4667,118.7167,87.28,62,40,1.63,ID,2022-10-14 04:30:19
325,Umm Kaddadah,13.6017,26.6876,79.77,25,7,19.86,SD,2022-10-14 04:30:20
326,San Isidro,-12.1167,-77.05,58.59,77,100,6.91,PE,2022-10-14 04:30:20
327,Gharghoda,22.1667,83.35,83.7,65,6,6.62,IN,2022-10-14 04:30:21
328,Cruzeiro Do Sul,-29.5128,-51.9853,62.53,81,100,7.43,BR,2022-10-14 04:28:13
329,Correntina,-13.3433,-44.6367,69.31,47,6,4.88,BR,2022-10-14 04:30:21
330,Broome,42.2506,-75.833,52.7,84,100,11.5,US,2022-10-14 04:30:22
331,Jiuquan,39.7432,98.5174,58.95,18,49,4.29,CN,2022-10-14 04:30:22
332,Leeton,-34.5667,146.4,65.89,55,65,14.76,AU,2022-10-14 04:30:23
333,Saldanha,-33.0117,17.9442,48.25,91,99,8.86,ZA,2022-10-14 04:30:23
334,Saint-Georges,12.0564,-61.7485,80.28,83,40,8.05,GD,2022-10-14 04:30:23
335,Gravdal,68.1214,13.5031,39.09,100,40,1.14,NO,2022-10-14 04:30:24
336,Port Lincoln,-34.7333,135.8667,59.88,61,88,16.22,AU,2022-10-14 04:30:24
337,Mehamn,71.0357,27.8492,39.11,100,75,4.61,NO,2022-10-14 04:30:25
338,Karratha,-20.7377,116.8463,84.56,20,13,13.38,AU,2022-10-14 04:30:25
339,Campbellsville,37.3434,-85.3419,46.51,64,7,5.1,US,2022-10-14 04:30:26
340,Sungurlu,40.1675,34.3739,50.74,79,78,3.89,TR,2022-10-14 04:30:26
341,Brae,60.3964,-1.353,49.33,79,88,27.87,GB,2022-10-14 04:30:26
342,Praia,14.9215,-23.5087,77.54,88,20,14.97,CV,2022-10-14 04:30:27
343,Tabou,4.423,-7.3528,75.85,89,87,4.99,CI,2022-10-14 04:30:27
344,Puro,12.4841,123.3827,77.43,92,100,7.14,PH,2022-10-14 04:30:28
345,Mbini,1.574,9.6134,76.84,93,100,0.56,GQ,2022-10-14 04:30:29
346,Lompoc,34.6391,-120.4579,59.52,90,100,6.91,US,2022-10-14 04:30:29
347,Xingyi,24.1877,102.817,59.94,85,100,4.03,CN,2022-10-14 04:30:30
348,Mikkeli,61.6886,27.2723,48.31,93,0,6.91,FI,2022-10-14 04:30:30
349,Leningradskiy,69.3833,178.4167,17.31,71,91,6.73,RU,2022-10-14 04:30:30
350,Kuytun,54.3419,101.5036,36.07,76,100,10.16,RU,2022-10-14 04:30:31
351,Maniitsoq,65.4167,-52.9,24.91,66,5,6.8,GL,2022-10-14 04:30:31
352,Carauari,-4.8828,-66.8958,73.69,96,100,2.55,BR,2022-10-14 04:30:32
353,Moa,20.6569,-74.9403,77.68,86,100,4.21,CU,2022-10-14 04:30:32
354,Tarauaca,-8.1614,-70.7656,71.46,99,75,1.52,BR,2022-10-14 04:30:32
355,Kiama,-34.6833,150.8667,74.37,48,2,18.01,AU,2022-10-14 04:30:33
356,Saint Anthony,45.0205,-93.218,38.35,71,40,11.5,US,2022-10-14 04:30:33
357,Dunedin,-45.8742,170.5036,53.8,71,1,4.0,NZ,2022-10-14 04:30:34
358,Henties Bay,-22.116,14.2845,56.7,94,87,4.88,NA,2022-10-14 04:30:34
359,Sarahan,31.5167,77.8,61.66,39,0,5.28,IN,2022-10-14 04:30:35
360,Tambura,5.6,27.4667,71.92,88,81,2.8,SS,2022-10-14 04:30:35
361,Yeppoon,-23.1333,150.7333,85.78,67,79,11.5,AU,2022-10-14 04:30:36
362,Kholtoson,50.2981,103.3097,36.23,39,57,5.3,RU,2022-10-14 04:30:36
363,Oistins,13.0667,-59.5333,80.69,78,20,12.66,BB,2022-10-14 04:30:37
364,Srednekolymsk,67.45,153.6833,15.98,91,100,5.41,RU,2022-10-14 04:30:37
365,Kot Diji,27.3427,68.7083,80.62,15,0,2.06,PK,2022-10-14 04:30:38
366,Meulaboh,4.1363,96.1285,84.33,64,58,3.89,ID,2022-10-14 04:30:38
367,Melfi,40.9965,15.6514,54.21,91,85,3.65,IT,2022-10-14 04:30:39
368,Cortez,37.3489,-108.5859,52.7,45,0,4.61,US,2022-10-14 04:30:39
369,Sistranda,63.7256,8.834,40.96,77,83,13.44,NO,2022-10-14 04:31:39
370,Xihe,31.6864,113.4659,75.24,29,8,9.86,CN,2022-10-14 04:31:40
371,Pangnirtung,66.1451,-65.7125,22.62,55,45,4.59,CA,2022-10-14 04:31:40
372,Ayan,56.45,138.1667,45.81,56,39,4.85,RU,2022-10-14 04:31:40
373,Sarrebourg,48.7333,7.05,54.21,93,99,4.52,FR,2022-10-14 04:31:41
374,Bilibino,68.0546,166.4372,1.31,89,67,3.22,RU,2022-10-14 04:31:41
375,Ban Chang,12.7254,101.0553,88.48,55,20,11.5,TH,2022-10-14 04:31:42
376,Ilulissat,69.2167,-51.1,24.82,93,100,1.14,GL,2022-10-14 04:31:42
377,Dongsheng,39.8161,109.9776,56.73,27,1,12.91,CN,2022-10-14 04:31:43
378,Yabelo,4.8833,38.0833,60.96,77,83,11.07,ET,2022-10-14 04:31:43
379,Mayahi,13.9553,7.6712,80.56,52,37,5.44,NE,2022-10-14 04:31:44
380,Paidha,2.4167,30.9855,66.38,81,76,1.66,UG,2022-10-14 04:31:44
381,Tongren,27.7172,109.1853,78.82,25,2,6.46,CN,2022-10-14 04:31:44
382,Cidreira,-30.1811,-50.2056,61.21,88,100,14.09,BR,2022-10-14 04:31:45
383,Wajima,37.4,136.9,70.48,77,75,4.61,JP,2022-10-14 04:31:45
384,Igarka,67.4667,86.5833,33.48,78,100,16.11,RU,2022-10-14 04:31:46
385,Mugma,23.7667,86.7333,85.46,58,5,6.49,IN,2022-10-14 04:31:46
386,Sept-Iles,50.2001,-66.3821,52.32,87,75,11.5,CA,2022-10-14 04:30:13
387,Rudbar,30.15,62.6,78.03,11,0,4.83,AF,2022-10-14 04:31:47
388,Garden City,42.3256,-83.331,48.15,70,20,6.91,US,2022-10-14 04:30:30
389,Khorixas,-20.3667,14.9667,70.68,39,86,2.35,NA,2022-10-14 04:31:47
390,Yar-Sale,66.8333,70.8333,40.21,91,100,13.22,RU,2022-10-14 04:31:48
391,Salamiyah,35.0113,37.0532,64.89,78,8,2.86,SY,2022-10-14 04:31:49
392,Hofn,64.2539,-15.2082,39.06,73,100,16.6,IS,2022-10-14 04:31:49
393,Luanda,-8.8368,13.2343,75.2,88,75,5.75,AO,2022-10-14 04:31:49
394,Fairbanks,64.8378,-147.7164,27.61,88,100,4.61,US,2022-10-14 04:31:50
395,Daru,-9.0763,143.2092,82.38,79,85,13.42,PG,2022-10-14 04:31:50
396,Wyndham,37.6985,-77.6125,62.13,90,100,6.91,US,2022-10-14 04:31:51
397,Whitehorse,60.7161,-135.0538,29.17,66,100,11.99,CA,2022-10-14 04:27:19
398,Stolbishche,55.6468,49.216,43.25,93,100,11.18,RU,2022-10-14 04:31:51
399,Hasaki,35.7333,140.8333,66.6,82,100,23.6,JP,2022-10-14 04:31:52
400,Ponerihouen,-21.0833,165.4,76.05,57,12,2.86,NC,2022-10-14 04:31:52
401,Banjar,-8.19,114.9675,82.02,80,67,1.03,ID,2022-10-14 04:31:53
402,Maria La Baja,9.9832,-75.3016,75.0,92,84,3.44,CO,2022-10-14 04:31:53
403,Geraldton,-28.7667,114.6,73.81,38,0,12.66,AU,2022-10-14 04:31:22
404,Matara,5.9485,80.5353,77.85,87,99,13.04,LK,2022-10-14 04:31:54
405,Pangkalanbuun,-2.6833,111.6167,86.74,66,72,4.45,ID,2022-10-14 04:27:55
406,Kroya,-7.6331,109.2461,79.95,78,100,6.71,ID,2022-10-14 04:31:54
407,Manakara,-22.1333,48.0167,73.0,72,78,6.78,MG,2022-10-14 04:31:55
408,Amahai,-3.3333,128.9167,85.17,70,24,7.31,ID,2022-10-14 04:31:55
409,Mandiana,10.6333,-8.6833,73.0,80,79,3.47,GN,2022-10-14 04:31:56
410,Prieska,-29.6641,22.7474,71.04,27,13,5.39,ZA,2022-10-14 04:31:56
411,Dawei,14.0833,98.2,83.71,78,20,4.07,MM,2022-10-14 04:31:57
412,Vanderhoof,54.0166,-124.0198,59.04,43,100,5.53,CA,2022-10-14 04:30:57
413,Souillac,-20.5167,57.5167,73.78,68,40,14.97,MU,2022-10-14 04:31:57
414,Zabol,32.25,67.25,62.98,9,0,2.66,AF,2022-10-14 04:31:58
415,Inzer,54.2167,57.5556,46.63,85,97,5.21,RU,2022-10-14 04:32:58
416,Nyurba,63.2842,118.3319,31.39,91,100,7.56,RU,2022-10-14 04:32:58
417,North Bend,43.4065,-124.2243,59.86,97,0,4.61,US,2022-10-14 04:30:56
418,Nuuk,64.1835,-51.7216,27.21,68,20,10.36,GL,2022-10-14 04:32:59
419,Visnes,59.3556,5.2242,50.05,76,75,13.8,NO,2022-10-14 04:32:59
420,Yumen,40.2833,97.2,58.33,18,95,19.6,CN,2022-10-14 04:33:00
421,San Patricio,28.017,-97.5169,84.06,75,64,6.2,US,2022-10-14 04:33:00
422,Cabano,10.5869,122.7002,85.5,70,100,9.8,PH,2022-10-14 04:33:01
423,Along,28.1667,94.7667,83.82,62,24,1.68,IN,2022-10-14 04:33:01
424,Fort Dodge,42.4975,-94.168,36.01,69,100,3.44,US,2022-10-14 04:33:02
425,Kondinskoye,59.6481,67.41,45.39,65,100,13.09,RU,2022-10-14 04:33:02
426,Aswan,24.0934,32.907,74.5,43,0,10.36,EG,2022-10-14 04:33:03
427,Caravelas,-17.7125,-39.2481,71.73,84,1,2.89,BR,2022-10-14 04:33:03
428,Kombissiri,12.0656,-1.3375,78.78,75,90,5.55,BF,2022-10-14 04:33:04
429,Khani,41.9563,42.9566,42.37,65,100,1.3,GE,2022-10-14 04:33:05
430,Necochea,-38.5473,-58.7368,38.53,69,1,0.98,AR,2022-10-14 04:33:06
431,Kamskoye Ustye,55.2016,49.268,42.8,86,100,13.51,RU,2022-10-14 04:33:06
432,La Asuncion,11.0333,-63.8628,89.33,66,9,10.36,VE,2022-10-14 04:33:07
433,Grand-Lahou,5.1367,-5.0242,75.78,91,92,8.28,CI,2022-10-14 04:33:07
434,Goderich,43.7501,-81.7165,44.92,81,51,3.44,CA,2022-10-14 04:32:29
435,Georgetown,5.4112,100.3354,84.13,78,40,11.5,MY,2022-10-14 04:30:28
436,Jumla,29.2747,82.1838,63.84,35,0,4.34,NP,2022-10-14 04:33:08
437,Iskateley,67.6803,53.1512,34.7,89,45,13.87,RU,2022-10-14 04:33:09
438,Puerto Escondido,15.85,-97.0667,79.11,86,91,3.56,MX,2022-10-14 04:33:09
439,Astakos,38.5356,21.0814,64.71,87,100,9.33,GR,2022-10-14 04:33:10
440,Mosjoen,65.836,13.1908,39.31,97,100,3.0,NO,2022-10-14 04:33:10
441,Kavaratti,10.5669,72.642,81.68,73,73,6.49,IN,2022-10-14 04:33:11
442,Puerto Morazan,12.8504,-87.1717,74.82,95,59,0.87,NI,2022-10-14 04:33:12
443,Saint-Augustin,51.226,-58.6502,43.77,90,100,3.65,CA,2022-10-14 04:33:12
444,Bandar-E Lengeh,26.5579,54.8807,82.51,78,0,0.0,IR,2022-10-14 04:33:13
445,Tura,25.5198,90.2201,82.06,69,36,3.4,IN,2022-10-14 04:33:13
446,Jalingo,8.8833,11.3667,71.31,96,99,2.13,NG,2022-10-14 04:33:14
447,Bardiyah,31.7561,25.0865,69.57,75,0,4.74,LY,2022-10-14 04:33:14
448,Aljezur,37.3191,-8.8033,64.08,66,3,5.61,PT,2022-10-14 04:33:15
449,Dakar,14.6937,-17.4441,76.08,66,63,5.32,SN,2022-10-14 04:29:17
450,San Borja,-14.8167,-66.85,68.09,99,100,3.31,BO,2022-10-14 04:33:15
451,Burnie,-41.0667,145.9167,54.95,85,86,11.39,AU,2022-10-14 04:33:16
452,Vestmannaeyjar,63.4427,-20.2734,38.26,64,95,10.89,IS,2022-10-14 04:33:16
453,Tirau,-37.9833,175.75,60.35,64,100,10.25,NZ,2022-10-14 04:33:17
454,Talakan,50.3167,130.3667,56.37,42,25,4.12,RU,2022-10-14 04:33:17
455,Nara,34.6851,135.8049,78.91,48,5,3.38,JP,2022-10-14 04:33:18
456,Shahrud,36.4182,54.9763,65.41,43,16,4.61,IR,2022-10-14 04:33:18
457,Aksu,41.1231,80.2644,62.83,21,0,0.22,CN,2022-10-14 04:33:19
458,Tezu,27.9167,96.1667,77.74,79,95,1.5,IN,2022-10-14 04:33:19
459,Ginda,30.6945,78.4932,67.5,46,0,4.68,IN,2022-10-14 04:33:19
460,Boo,59.3333,18.2833,51.76,94,100,1.14,SE,2022-10-14 04:33:20
461,Viedma,-40.8135,-62.9967,41.36,69,59,10.22,AR,2022-10-14 04:33:20
462,Dawson Creek,55.7666,-120.2362,64.04,39,0,11.5,CA,2022-10-14 04:30:56
463,Sibolga,1.7427,98.7792,84.2,66,96,5.37,ID,2022-10-14 04:31:50
464,Gramado,-29.3786,-50.8739,57.34,96,100,4.34,BR,2022-10-14 04:34:21
465,Bassar,9.25,0.7833,69.58,91,100,3.02,TG,2022-10-14 04:34:21
466,Curaca,-8.9903,-39.9094,73.63,64,14,17.47,BR,2022-10-14 04:34:22
467,Huejuquilla El Alto,22.6,-103.8667,63.73,56,51,3.0,MX,2022-10-14 04:34:22
468,Rottingdean,50.8098,-0.0594,54.16,97,100,1.01,GB,2022-10-14 04:34:23
469,Tuy Hoa,13.0833,109.3,72.1,92,100,15.05,VN,2022-10-14 04:34:24
470,Skibbereen,51.55,-9.2667,55.11,89,100,11.88,IE,2022-10-14 04:34:24
471,Haines Junction,60.7522,-137.5108,26.55,74,100,8.05,CA,2022-10-14 04:34:24
472,Nome,64.5011,-165.4064,30.27,65,0,5.75,US,2022-10-14 04:34:25
473,West Wendover,40.7391,-114.0733,56.41,35,0,0.0,US,2022-10-14 04:34:25
474,Koshurnikovo,54.1667,93.3,36.48,67,69,2.53,RU,2022-10-14 04:34:26
475,Clyde River,70.4692,-68.5914,35.83,60,100,21.85,CA,2022-10-14 04:34:26
476,Port Hardy,50.6996,-127.4199,44.78,100,40,4.61,CA,2022-10-14 04:34:27
477,Tumpat,6.1978,102.171,86.02,74,20,12.66,MY,2022-10-14 04:34:27
478,Kizner,56.2749,51.508,44.29,94,100,6.76,RU,2022-10-14 04:34:27
479,Dudinka,69.4058,86.1778,29.62,82,100,21.7,RU,2022-10-14 04:34:28
480,Geilo,60.5333,8.2076,34.7,83,79,3.09,NO,2022-10-14 04:34:28
481,Tamandare,-8.7597,-35.1047,73.85,84,79,10.83,BR,2022-10-14 04:34:29
482,Vuktyl,63.8567,57.3094,41.11,95,100,3.65,RU,2022-10-14 04:34:29
483,Yulara,-25.2406,130.9889,75.43,21,0,10.83,AU,2022-10-14 04:34:29
484,Mollendo,-17.0231,-72.0147,59.5,80,96,5.17,PE,2022-10-14 04:34:30
485,Kibre Mengist,5.8833,38.9833,61.11,93,95,1.66,ET,2022-10-14 04:34:30
486,Baturaja,-4.1333,104.1667,88.79,57,98,1.28,ID,2022-10-14 04:34:31
487,Shebalino,51.2917,85.6772,50.67,36,3,2.17,RU,2022-10-14 04:34:31
488,Padang,-0.9492,100.3543,80.65,74,99,4.65,ID,2022-10-14 04:34:31
489,Bilma,18.6853,12.9164,76.77,16,0,7.54,NE,2022-10-14 04:34:32
490,Ballina,-28.8667,153.5667,77.02,69,100,13.42,AU,2022-10-14 04:34:32
491,Kizhinga,51.8462,109.9097,40.82,41,57,16.82,RU,2022-10-14 04:34:33
492,Saraland,30.8207,-88.0706,65.23,82,0,5.28,US,2022-10-14 04:34:33
493,Sechura,-5.5569,-80.8222,60.75,85,6,12.73,PE,2022-10-14 04:34:33
494,Bath,51.3779,-2.3591,56.37,94,99,5.3,GB,2022-10-14 04:30:23
495,Altamont,42.2068,-121.7372,62.78,49,0,5.75,US,2022-10-14 04:34:34
496,Salinas,36.6777,-121.6555,62.01,87,100,5.75,US,2022-10-14 04:34:24
497,San Quintin,30.4833,-115.95,66.76,81,72,10.4,MX,2022-10-14 04:34:34
498,Boyolangu,-8.1181,111.8935,81.27,76,72,9.46,ID,2022-10-14 04:34:35
499,Areosa,41.7178,-8.8571,62.44,92,11,5.41,PT,2022-10-14 04:34:35
500,Jamtara,23.95,86.8,84.43,61,4,5.99,IN,2022-10-14 04:34:36
501,Morrope,-6.5417,-80.0111,60.31,85,6,13.47,PE,2022-10-14 04:34:36
502,Cocobeach,1.0002,9.5823,76.71,86,100,3.49,GA,2022-10-14 04:34:36
503,Cacule,-14.5033,-42.2222,66.42,75,2,7.29,BR,2022-10-14 04:34:37
504,Senneterre,48.3835,-77.2328,46.15,94,81,5.86,CA,2022-10-14 04:34:37
505,Kieta,-6.2167,155.6333,83.62,72,100,4.05,PG,2022-10-14 04:34:38
506,Westport,41.1415,-73.3579,67.82,95,100,16.11,US,2022-10-14 04:34:38
507,Chany,55.3121,76.7647,45.41,58,100,15.97,RU,2022-10-14 04:34:39
508,Tual,-5.6667,132.75,83.75,73,39,7.81,ID,2022-10-14 04:34:39
509,Kavieng,-2.5744,150.7967,84.79,64,80,9.86,PG,2022-10-14 04:35:39
510,Lasa,46.6166,10.7002,49.37,94,56,4.41,IT,2022-10-14 04:35:40
511,Gimli,50.6336,-96.9907,35.62,93,100,11.5,CA,2022-10-14 04:33:58
512,Majene,-3.5403,118.9707,85.57,68,92,8.81,ID,2022-10-14 04:35:40
513,Botwood,49.1499,-55.3482,43.9,84,93,3.94,CA,2022-10-14 04:35:41
514,Darnah,32.767,22.6367,70.93,59,8,11.43,LY,2022-10-14 04:35:41
515,Kargasok,59.0556,80.8572,39.36,70,78,7.54,RU,2022-10-14 04:35:42
516,Petlawad,23.0,74.8,80.49,48,0,11.23,IN,2022-10-14 04:35:42
517,Port Hedland,-20.3167,118.5667,81.41,41,5,11.74,AU,2022-10-14 04:35:43
518,Hearst,49.6835,-83.6665,39.45,97,99,3.27,CA,2022-10-14 04:35:43
519,Soverato,38.685,16.5499,64.15,89,100,3.96,IT,2022-10-14 04:35:43
520,Potosi,-19.5836,-65.7531,35.33,83,27,3.91,BO,2022-10-14 04:35:44
521,Luderitz,-26.6481,15.1594,60.26,70,12,14.07,NA,2022-10-14 04:35:44
522,Kushiro,42.975,144.3747,63.55,72,75,10.36,JP,2022-10-14 04:35:44
523,Santa Cruz De La Palma,28.6835,-17.7642,73.54,68,40,13.8,ES,2022-10-14 04:35:45
524,Touros,-5.1989,-35.4608,76.57,78,9,14.94,BR,2022-10-14 04:35:45
525,Wiang Sa,8.6359,99.3666,90.28,61,34,5.55,TH,2022-10-14 04:35:46
526,Yanam,16.7333,82.2167,81.16,88,99,4.21,IN,2022-10-14 04:35:46
527,Leshukonskoye,64.8989,45.7622,33.78,88,25,6.55,RU,2022-10-14 04:35:46
528,Kargil,34.5667,76.1,42.82,45,7,2.98,IN,2022-10-14 04:35:39
529,Koutsouras,35.0339,25.9469,68.11,54,97,5.17,GR,2022-10-14 04:35:47
530,Gobabis,-22.45,18.9667,68.2,25,91,10.25,NA,2022-10-14 04:35:47
531,Rio Cuarto,-33.1307,-64.3499,49.77,25,0,9.22,AR,2022-10-14 04:35:48
532,Chicama,-7.8447,-79.1469,57.74,85,12,6.15,PE,2022-10-14 04:35:48
533,Geelong,-38.1471,144.3607,64.08,70,75,26.46,AU,2022-10-14 04:35:48
534,Dauriya,49.9333,116.8667,45.68,55,88,19.82,RU,2022-10-14 04:35:49
535,Mwene-Ditu,-7.0,23.45,68.72,72,21,1.05,CD,2022-10-14 04:35:49
536,Amambai,-23.1042,-55.2258,65.23,99,100,2.26,BR,2022-10-14 04:35:50
537,Sangar,63.9242,127.4739,28.54,82,100,5.55,RU,2022-10-14 04:35:50
538,Walvis Bay,-22.9575,14.5053,58.15,88,100,6.91,NA,2022-10-14 04:35:51
539,Ossora,59.2353,163.0719,36.63,86,100,1.1,RU,2022-10-14 04:33:14
540,Maceio,-9.6658,-35.7353,74.64,83,40,2.3,BR,2022-10-14 04:35:13
541,Olinda,-8.0089,-34.8553,78.53,69,75,12.66,BR,2022-10-14 04:35:51
542,Arlit,18.7369,7.3853,82.17,15,1,6.96,NE,2022-10-14 04:35:52
543,Simav,39.0882,28.9777,53.98,81,81,3.15,TR,2022-10-14 04:35:52
544,Orlik,52.5178,99.825,29.34,45,76,3.36,RU,2022-10-14 04:35:52
545,Ocumare Del Tuy,10.1165,-66.7761,78.6,99,18,1.7,VE,2022-10-14 04:35:53
546,Humaita,-7.5061,-63.0208,72.45,83,68,2.08,BR,2022-10-14 04:35:53
547,Camopi,3.1655,-52.3158,71.4,99,91,1.45,GF,2022-10-14 04:35:54
548,Vao,-22.6667,167.4833,70.9,61,98,10.58,NC,2022-10-14 04:35:54
549,Conneaut,41.9476,-80.5542,47.5,72,29,14.12,US,2022-10-14 04:35:55
550,Yaan,7.3833,8.5667,72.39,96,100,3.87,NG,2022-10-14 04:35:55
551,Alice Town,25.7167,-79.3,77.76,79,100,5.84,BS,2022-10-14 04:35:55
552,Port Macquarie,-31.4333,152.9167,78.89,66,95,4.23,AU,2022-10-14 04:35:56
553,Kodinsk,58.6881,99.1844,36.79,78,99,6.93,RU,2022-10-14 04:35:56
554,Erenhot,43.6475,111.9767,60.8,23,0,21.16,CN,2022-10-14 04:35:56
555,Ostrovnoy,68.0531,39.5131,41.72,93,100,13.33,RU,2022-10-14 04:36:57
556,Kismayo,-0.3582,42.5454,79.39,72,83,14.25,SO,2022-10-14 04:36:57
557,Cabimas,10.3883,-71.4399,79.83,83,52,6.31,VE,2022-10-14 04:32:08
558,Christchurch,-43.5333,172.6333,54.41,62,8,19.57,NZ,2022-10-14 04:36:52
559,Ola,59.5833,151.2833,35.15,67,93,1.92,RU,2022-10-14 04:36:58
560,Odweyne,9.4092,45.064,74.52,55,1,3.06,SO,2022-10-14 04:36:58
561,Havelock,34.8791,-76.9013,73.35,90,40,4.61,US,2022-10-14 04:36:59
562,Tanggu,39.0211,117.6469,66.16,38,58,5.99,CN,2022-10-14 04:36:59
563,Kendari,-3.945,122.4989,88.03,58,100,5.12,ID,2022-10-14 04:36:59
564,Lokosovo,61.1333,74.8167,38.82,71,100,10.27,RU,2022-10-14 04:37:00
565,Natal,-5.795,-35.2094,75.42,78,20,11.5,BR,2022-10-14 04:32:22
566,Kalabo,-14.97,22.6814,67.39,27,9,4.45,ZM,2022-10-14 04:37:00
567,Petrovac,44.3769,21.4192,51.01,69,23,5.75,RS,2022-10-14 04:37:01
568,Odate,40.2686,140.5683,66.34,55,0,2.3,JP,2022-10-14 04:37:01
569,Ryotsu,38.0833,138.4333,67.51,72,30,8.55,JP,2022-10-14 04:37:01
570,Tarnogskiy Gorodok,60.4997,43.5761,33.98,90,6,3.27,RU,2022-10-14 04:37:02
571,Pontes E Lacerda,-15.2261,-59.3353,70.32,95,100,1.63,BR,2022-10-14 04:37:02
572,Gull Lake,50.1001,-108.4847,48.29,49,65,7.94,CA,2022-10-14 04:37:03
573,Hobyo,5.3505,48.5268,79.39,75,9,16.69,SO,2022-10-14 04:37:03
574,Cap-Aux-Meules,47.3821,-61.8597,53.62,94,66,12.66,CA,2022-10-14 04:34:52
